Auto-update on Sat May 24 02:02:03 UTC 2025
Auto-update on Sun May 25 03:37:07 UTC 2025
Auto-update on Mon May 26 03:34:51 UTC 2025
Auto-update on Tue May 27 03:30:16 UTC 2025
Auto-update on Wed May 28 03:32:05 UTC 2025
Auto-update on Thu May 29 03:32:54 UTC 2025
Auto-update on Fri May 30 03:31:29 UTC 2025
Auto-update on Sat May 31 03:29:05 UTC 2025
Auto-update on Sun Jun  1 03:51:43 UTC 2025
Auto-update on Mon Jun  2 03:41:16 UTC 2025
Auto-update on Tue Jun  3 03:35:15 UTC 2025
Auto-update on Wed Jun  4 03:36:11 UTC 2025
Auto-update on Thu Jun  5 03:36:21 UTC 2025
Auto-update on Fri Jun  6 03:35:48 UTC 2025
Auto-update on Sat Jun  7 03:32:29 UTC 2025
Auto-update on Sun Jun  8 03:41:49 UTC 2025
Auto-update on Mon Jun  9 03:41:23 UTC 2025
Auto-update on Tue Jun 10 03:37:33 UTC 2025
Auto-update on Wed Jun 11 03:37:25 UTC 2025
Auto-update on Thu Jun 12 03:36:14 UTC 2025
Auto-update on Fri Jun 13 03:37:02 UTC 2025
Auto-update on Sat Jun 14 03:31:26 UTC 2025
Auto-update on Sun Jun 15 03:41:22 UTC 2025
Auto-update on Mon Jun 16 03:42:12 UTC 2025
Auto-update on Tue Jun 17 03:37:17 UTC 2025
Auto-update on Wed Jun 18 03:36:34 UTC 2025
Auto-update on Thu Jun 19 03:37:02 UTC 2025
Auto-update on Fri Jun 20 03:36:02 UTC 2025
Auto-update on Sat Jun 21 03:32:26 UTC 2025
Auto-update on Sun Jun 22 03:42:59 UTC 2025
Auto-update on Mon Jun 23 03:45:11 UTC 2025
Auto-update on Tue Jun 24 00:58:43 UTC 2025
Auto-update on Wed Jun 25 00:59:12 UTC 2025
Auto-update on Thu Jun 26 00:58:24 UTC 2025
Auto-update on Fri Jun 27 00:59:04 UTC 2025
Auto-update on Sat Jun 28 00:56:58 UTC 2025
Auto-update on Sun Jun 29 01:05:13 UTC 2025
Auto-update on Mon Jun 30 01:02:14 UTC 2025
Auto-update on Tue Jul  1 01:05:28 UTC 2025
Auto-update on Wed Jul  2 00:58:57 UTC 2025
Auto-update on Thu Jul  3 00:58:46 UTC 2025
Auto-update on Fri Jul  4 00:58:27 UTC 2025
Auto-update on Sat Jul  5 00:56:21 UTC 2025
Auto-update on Sun Jul  6 01:04:18 UTC 2025
Auto-update on Mon Jul  7 01:03:04 UTC 2025
Auto-update on Tue Jul  8 00:59:14 UTC 2025
Auto-update on Wed Jul  9 01:00:03 UTC 2025
Auto-update on Thu Jul 10 00:59:52 UTC 2025
Auto-update on Fri Jul 11 01:00:25 UTC 2025
Auto-update on Sat Jul 12 01:01:47 UTC 2025
Auto-update on Sun Jul 13 01:06:24 UTC 2025
Auto-update on Mon Jul 14 01:03:34 UTC 2025
Auto-update on Tue Jul 15 01:02:34 UTC 2025
Auto-update on Wed Jul 16 01:01:22 UTC 2025
Auto-update on Thu Jul 17 01:02:00 UTC 2025
Auto-update on Fri Jul 18 01:01:09 UTC 2025
Auto-update on Sat Jul 19 00:59:54 UTC 2025
Auto-update on Sun Jul 20 01:07:47 UTC 2025
Auto-update on Mon Jul 21 01:05:27 UTC 2025
Auto-update on Tue Jul 22 01:01:43 UTC 2025
Auto-update on Wed Jul 23 01:02:33 UTC 2025
Auto-update on Thu Jul 24 01:02:00 UTC 2025
Auto-update on Fri Jul 25 01:01:34 UTC 2025
Auto-update on Sat Jul 26 00:59:54 UTC 2025
Auto-update on Sun Jul 27 01:07:51 UTC 2025
Auto-update on Mon Jul 28 01:06:26 UTC 2025
Auto-update on Tue Jul 29 01:08:36 UTC 2025
Auto-update on Wed Jul 30 01:02:45 UTC 2025
Auto-update on Thu Jul 31 01:02:49 UTC 2025
Auto-update on Fri Aug  1 01:10:01 UTC 2025
Auto-update on Sat Aug  2 01:00:12 UTC 2025
Auto-update on Sun Aug  3 01:09:02 UTC 2025
Auto-update on Mon Aug  4 01:08:00 UTC 2025
Auto-update on Tue Aug  5 01:04:36 UTC 2025
Auto-update on Wed Aug  6 01:03:20 UTC 2025
Auto-update on Thu Aug  7 01:03:49 UTC 2025
Auto-update on Fri Aug  8 01:03:34 UTC 2025
Auto-update on Sat Aug  9 00:57:59 UTC 2025
Auto-update on Sun Aug 10 01:06:49 UTC 2025
Auto-update on Mon Aug 11 01:04:18 UTC 2025
Auto-update on Tue Aug 12 00:58:02 UTC 2025
Auto-update on Wed Aug 13 00:59:14 UTC 2025
Auto-update on Thu Aug 14 00:59:31 UTC 2025
Auto-update on Fri Aug 15 00:59:42 UTC 2025
Auto-update on Sat Aug 16 00:56:43 UTC 2025
Auto-update on Sun Aug 17 01:03:31 UTC 2025
Auto-update on Mon Aug 18 01:02:56 UTC 2025
Auto-update on Tue Aug 19 00:57:16 UTC 2025
Auto-update on Wed Aug 20 00:54:55 UTC 2025
Auto-update on Thu Aug 21 00:54:16 UTC 2025
Auto-update on Fri Aug 22 00:55:31 UTC 2025
Auto-update on Sat Aug 23 00:53:19 UTC 2025
Auto-update on Sun Aug 24 01:01:27 UTC 2025
Auto-update on Mon Aug 25 00:57:38 UTC 2025
Auto-update on Tue Aug 26 00:56:05 UTC 2025
Auto-update on Wed Aug 27 00:54:30 UTC 2025
Auto-update on Thu Aug 28 00:53:48 UTC 2025
Auto-update on Fri Aug 29 00:53:50 UTC 2025
Auto-update on Sat Aug 30 00:51:02 UTC 2025
Auto-update on Sun Aug 31 00:58:01 UTC 2025
Auto-update on Mon Sep  1 01:04:01 UTC 2025
Auto-update on Tue Sep  2 00:54:44 UTC 2025
Auto-update on Wed Sep  3 00:51:16 UTC 2025
Auto-update on Thu Sep  4 00:51:38 UTC 2025
Auto-update on Fri Sep  5 00:52:41 UTC 2025
Auto-update on Sat Sep  6 00:51:25 UTC 2025
Auto-update on Sun Sep  7 00:57:19 UTC 2025
Auto-update on Mon Sep  8 00:56:01 UTC 2025
Auto-update on Tue Sep  9 00:53:40 UTC 2025
Auto-update on Wed Sep 10 00:52:13 UTC 2025
Auto-update on Thu Sep 11 00:53:20 UTC 2025
Auto-update on Fri Sep 12 00:51:38 UTC 2025
Auto-update on Sat Sep 13 00:48:44 UTC 2025
Auto-update on Sun Sep 14 00:56:34 UTC 2025
Auto-update on Mon Sep 15 00:56:51 UTC 2025
Auto-update on Tue Sep 16 00:52:06 UTC 2025
Auto-update on Wed Sep 17 00:52:05 UTC 2025
Auto-update on Thu Sep 18 00:51:50 UTC 2025
Auto-update on Fri Sep 19 00:54:02 UTC 2025
Auto-update on Sat Sep 20 00:50:42 UTC 2025
Auto-update on Sun Sep 21 00:57:43 UTC 2025
Auto-update on Mon Sep 22 00:57:26 UTC 2025
Auto-update on Tue Sep 23 00:52:15 UTC 2025
Auto-update on Wed Sep 24 00:52:58 UTC 2025
Auto-update on Thu Sep 25 00:53:16 UTC 2025
Auto-update on Fri Sep 26 00:52:47 UTC 2025
Auto-update on Sat Sep 27 00:50:59 UTC 2025
Auto-update on Sun Sep 28 00:58:41 UTC 2025
Auto-update on Mon Sep 29 00:54:46 UTC 2025
Auto-update on Tue Sep 30 00:53:46 UTC 2025
Auto-update on Wed Oct  1 00:59:38 UTC 2025
Auto-update on Thu Oct  2 00:52:06 UTC 2025
Auto-update on Fri Oct  3 00:52:06 UTC 2025
Auto-update on Sat Oct  4 00:49:45 UTC 2025
Auto-update on Sun Oct  5 00:57:51 UTC 2025
Auto-update on Mon Oct  6 00:54:02 UTC 2025
Auto-update on Tue Oct  7 00:53:04 UTC 2025
Auto-update on Wed Oct  8 00:52:39 UTC 2025
Auto-update on Thu Oct  9 00:53:12 UTC 2025
Auto-update on Fri Oct 10 00:52:58 UTC 2025
Auto-update on Sat Oct 11 00:50:31 UTC 2025
Auto-update on Sun Oct 12 00:55:40 UTC 2025
Auto-update on Mon Oct 13 00:57:10 UTC 2025
Auto-update on Tue Oct 14 00:53:19 UTC 2025
Auto-update on Wed Oct 15 00:54:47 UTC 2025
Auto-update on Thu Oct 16 00:54:16 UTC 2025
Auto-update on Fri Oct 17 00:54:02 UTC 2025
Auto-update on Sat Oct 18 00:51:15 UTC 2025
Auto-update on Sun Oct 19 01:00:30 UTC 2025
Auto-update on Mon Oct 20 00:58:28 UTC 2025
Auto-update on Tue Oct 21 00:55:22 UTC 2025
Auto-update on Wed Oct 22 00:56:22 UTC 2025
Auto-update on Thu Oct 23 00:54:56 UTC 2025
Auto-update on Fri Oct 24 00:51:45 UTC 2025
Auto-update on Sat Oct 25 00:53:19 UTC 2025
Auto-update on Sun Oct 26 00:58:38 UTC 2025
Auto-update on Mon Oct 27 01:00:13 UTC 2025
Auto-update on Tue Oct 28 00:54:02 UTC 2025
Auto-update on Wed Oct 29 00:58:11 UTC 2025
Auto-update on Thu Oct 30 00:57:50 UTC 2025
Auto-update on Fri Oct 31 00:55:40 UTC 2025
Auto-update on Sat Nov  1 00:58:56 UTC 2025
Auto-update on Sun Nov  2 00:59:44 UTC 2025
Auto-update on Mon Nov  3 00:59:09 UTC 2025
Auto-update on Tue Nov  4 00:56:20 UTC 2025
Auto-update on Wed Nov  5 00:57:53 UTC 2025
Auto-update on Thu Nov  6 00:56:51 UTC 2025
Auto-update on Fri Nov  7 00:56:44 UTC 2025
Auto-update on Sat Nov  8 00:53:17 UTC 2025
Auto-update on Sun Nov  9 00:59:31 UTC 2025
Auto-update on Mon Nov 10 00:59:33 UTC 2025
Auto-update on Tue Nov 11 00:57:43 UTC 2025
Auto-update on Wed Nov 12 00:57:22 UTC 2025
Auto-update on Thu Nov 13 00:57:35 UTC 2025
Auto-update on Fri Nov 14 00:57:13 UTC 2025
Auto-update on Sat Nov 15 00:55:44 UTC 2025
Auto-update on Sun Nov 16 01:00:53 UTC 2025
Auto-update on Mon Nov 17 00:58:15 UTC 2025
Auto-update on Tue Nov 18 00:57:03 UTC 2025
Auto-update on Wed Nov 19 00:56:54 UTC 2025
Auto-update on Thu Nov 20 00:55:44 UTC 2025
Auto-update on Fri Nov 21 00:56:35 UTC 2025
Auto-update on Sat Nov 22 00:54:30 UTC 2025
Auto-update on Sun Nov 23 01:04:36 UTC 2025
Auto-update on Mon Nov 24 01:00:53 UTC 2025
Auto-update on Tue Nov 25 00:56:24 UTC 2025
Auto-update on Wed Nov 26 00:57:19 UTC 2025
Auto-update on Thu Nov 27 00:56:19 UTC 2025
Auto-update on Fri Nov 28 00:55:36 UTC 2025
Auto-update on Sat Nov 29 00:55:40 UTC 2025
Auto-update on Sun Nov 30 01:04:01 UTC 2025
Auto-update on Mon Dec  1 01:08:45 UTC 2025
Auto-update on Tue Dec  2 00:58:14 UTC 2025
Auto-update on Wed Dec  3 00:58:30 UTC 2025
Auto-update on Thu Dec  4 00:58:23 UTC 2025
Auto-update on Fri Dec  5 00:59:07 UTC 2025
Auto-update on Sat Dec  6 00:56:00 UTC 2025
Auto-update on Sun Dec  7 01:04:19 UTC 2025
Auto-update on Mon Dec  8 00:59:06 UTC 2025
Auto-update on Tue Dec  9 00:58:39 UTC 2025
Auto-update on Wed Dec 10 01:00:07 UTC 2025
Auto-update on Thu Dec 11 01:00:52 UTC 2025
Auto-update on Fri Dec 12 01:00:36 UTC 2025
Auto-update on Sat Dec 13 00:56:48 UTC 2025
Auto-update on Sun Dec 14 01:04:58 UTC 2025
Auto-update on Mon Dec 15 01:02:25 UTC 2025
Auto-update on Tue Dec 16 01:00:50 UTC 2025
Auto-update on Wed Dec 17 00:56:44 UTC 2025
Auto-update on Thu Dec 18 00:57:23 UTC 2025
Auto-update on Fri Dec 19 01:00:17 UTC 2025
Auto-update on Sat Dec 20 00:56:57 UTC 2025
Auto-update on Sun Dec 21 01:04:39 UTC 2025
Auto-update on Mon Dec 22 01:03:21 UTC 2025
Auto-update on Tue Dec 23 01:00:21 UTC 2025
Auto-update on Wed Dec 24 00:59:59 UTC 2025
Auto-update on Thu Dec 25 01:00:06 UTC 2025
Auto-update on Fri Dec 26 01:00:33 UTC 2025
Auto-update on Sat Dec 27 00:58:49 UTC 2025
Auto-update on Sun Dec 28 01:07:59 UTC 2025
Auto-update on Mon Dec 29 01:05:56 UTC 2025
Auto-update on Tue Dec 30 01:00:45 UTC 2025
Auto-update on Wed Dec 31 01:02:00 UTC 2025
Auto-update on Thu Jan  1 01:07:39 UTC 2026
Auto-update on Fri Jan  2 01:02:08 UTC 2026
Auto-update on Sat Jan  3 00:58:20 UTC 2026
Auto-update on Sun Jan  4 01:08:27 UTC 2026
Auto-update on Mon Jan  5 01:07:23 UTC 2026
Auto-update on Tue Jan  6 01:01:59 UTC 2026
Auto-update on Wed Jan  7 01:02:17 UTC 2026
Auto-update on Thu Jan  8 01:02:15 UTC 2026
Auto-update on Fri Jan  9 01:02:39 UTC 2026
Auto-update on Sat Jan 10 01:00:22 UTC 2026
Auto-update on Sun Jan 11 01:08:25 UTC 2026
Auto-update on Mon Jan 12 01:05:28 UTC 2026
Auto-update on Tue Jan 13 00:58:49 UTC 2026
Auto-update on Wed Jan 14 01:04:19 UTC 2026
Auto-update on Thu Jan 15 01:00:34 UTC 2026
Auto-update on Fri Jan 16 01:02:59 UTC 2026
Auto-update on Sat Jan 17 01:00:00 UTC 2026
Auto-update on Sun Jan 18 01:07:24 UTC 2026
Auto-update on Mon Jan 19 01:06:42 UTC 2026
Auto-update on Tue Jan 20 01:01:41 UTC 2026
Auto-update on Wed Jan 21 01:03:55 UTC 2026
Auto-update on Thu Jan 22 01:03:51 UTC 2026
Auto-update on Fri Jan 23 01:03:48 UTC 2026
Auto-update on Sat Jan 24 01:00:36 UTC 2026
Auto-update on Sun Jan 25 01:09:20 UTC 2026
Auto-update on Mon Jan 26 01:07:57 UTC 2026
Auto-update on Tue Jan 27 01:06:47 UTC 2026
Auto-update on Wed Jan 28 01:03:08 UTC 2026
Auto-update on Thu Jan 29 01:12:44 UTC 2026
Auto-update on Fri Jan 30 01:11:53 UTC 2026
Auto-update on Sat Jan 31 01:09:05 UTC 2026
Auto-update on Sun Feb  1 01:24:19 UTC 2026
Auto-update on Mon Feb  2 01:16:19 UTC 2026
Auto-update on Tue Feb  3 01:16:36 UTC 2026
Auto-update on Wed Feb  4 01:11:50 UTC 2026
Auto-update on Thu Feb  5 01:12:53 UTC 2026
Auto-update on Fri Feb  6 01:11:43 UTC 2026
Auto-update on Sat Feb  7 01:10:29 UTC 2026
Auto-update on Sun Feb  8 01:47:38 UTC 2026
Auto-update on Mon Feb  9 01:18:20 UTC 2026
Auto-update on Tue Feb 10 01:26:56 UTC 2026
Auto-update on Wed Feb 11 01:24:18 UTC 2026
